DIMENSION:3496,
12661.6667,86437.2222
13616.6667,86050
11150,85383.3333
13616.6667,86050
13616.6667,86050
13583.3333,86433.3333
13516.6667,86533.3333
13200,86800
12566.6667,87300
13700,86766.6667
12150,86116.6667
12627.7778,86702.5
12627.7778,86702.5
12149.1667,86080
12149.1667,86080
12516.6667,85650
13116.6667,86166.6667
14116.6667,83450
14066.6667,83583.3333
12966.6667,85800
13183.3333,86033.3333
12550,85500
11866.6667,84816.6667
12983.3333,85733.3333
12900,85983.3333
12966.6667,85800
13000,85800
13300,86183.3333
13483.3333,86483.3333
14133.3333,85466.6667
13050,86050
12966.6667,85800
13000,85800
14166.6667,83816.6667
13600,83916.6667
13550,83533.3333
14066.6667,85300
13700,84850
13700,84850
13466.6667,83550
13466.6667,83550
13450,84266.6667
12933.3333,83533.3333
13550,83533.3333
13550,83533.3333
14616.6667,84466.6667
13616.6667,85833.3333
14400,83783.3333
14683.3333,84250
14066.6667,85300
12616.6667,85566.6667
14566.6667,83616.6667
14450,83316.6667
14566.6667,85000
14366.6667,85200
12583.3333,83750
12583.3333,83750
13883.3333,83466.6667
12916.6667,85966.6667
12916.6667,85966.6667
14800,83733.3333
13800,84883.3333
13800,84883.3333
14733.3333,83966.6667
14733.3333,83966.6667
13666.6667,84866.6667
13233.3333,85383.3333
12916.6667,85966.6667
14800,83733.3333
14800,83733.3333
12950,85566.6667
14366.6667,83566.6667
13700,84850
13216.6667,83583.3333
13700,84850
13866.6667,85733.3333
13466.6667,83550
13450,84266.6667
13466.6667,83550
13450,84266.6667
13466.6667,83550
13450,84266.6667
12933.3333,83533.3333
14533.3333,85083.3333
14083.3333,83583.3333
14450,83316.6667
14450,83316.6667
13650,84833.3333
13633.3333,86133.3333
12583.3333,87033.3333
11700,85900
11950,86116.6667
12733.3333,86616.6667
13300,85850
12800,87400
12789.4444,86945
12789.4444,86945
12050,84983.3333
12050,84983.3333
12789.4444,86945
12789.4444,86945
11433.3333,85833.3333
12963.6111,86814.7222
13200,85250
11983.3333,86516.6667
11983.3333,86516.6667
12050,84983.3333
12333.3333,86733.3333
12500,86366.6667
12016.6667,86000
12666.6667,87166.6667
13566.6667,86533.3333
13033.3333,85733.3333
12700,85133.3333
12600,86983.3333
12083.3333,86166.6667
11733.3333,86000
11733.3333,85916.6667
11616.6667,86333.3333
11550,86216.6667
11383.3333,85900
12783.3333,87483.3333
12650,87200
12450,86466.6667
11950,86133.3333
11483.3333,85650
12016.6667,86000
13366.6667,86083.3333
11483.3333,85516.6667
12016.6667,85550
12550,86216.6667
13533.3333,86516.6667
13450,86566.6667
13450,86600
13016.6667,86316.6667
13516.6667,86533.3333
13700,86150
13233.3333,86300
12797.2222,86987.5
13583.3333,86283.3333
12516.6667,86283.3333
13466.6667,86533.3333
12650,86100
13450,86283.3333
13733.3333,86116.6667
13733.3333,86116.6667
11733.3333,86083.3333
11733.3333,86083.3333
13233.3333,85966.6667
13166.6667,85950
13466.6667,86466.6667
12116.6667,86500
13066.6667,86000
13000,86766.6667
13000,86766.6667
13450,86333.3333
13400,84900
13300,86266.6667
11000,85050
12083.3333,86183.3333
12083.3333,86183.3333
12650,86033.3333
13533.3333,86716.6667
12250,86600
12650,86200
12583.3333,86716.6667
12583.3333,86016.6667
13833.3333,86200
13350,86266.6667
13066.6667,86766.6667
12666.6667,86183.3333
12633.3333,86233.3333
13266.6667,86666.6667
13416.6667,86400
12666.6667,86233.3333
12883.3333,86466.6667
12627.7778,86702.5
12083.3333,86183.3333
11100,85216.6667
13133.3333,85933.3333
13800,85866.6667
11483.3333,85516.6667
12066.6667,86383.3333
13650,84833.3333
12650,85483.3333
14983.3333,83533.3333
12033.3333,86266.6667
14483.3333,83283.3333
11516.6667,85583.3333
14383.3333,85200
12916.6667,85616.6667
14650,84700
14650,84700
14750,83950
14150,83616.6667
14766.6667,83833.3333
14950,83533.3333
14100,83333.3333
14800,83816.6667
14816.6667,83783.3333
14800,83816.6667
14816.6667,83783.3333
11616.6667,86333.3333
11616.6667,86333.3333
13316.6667,84433.3333
12416.6667,85433.3333
14316.6667,83400
13000,84366.6667
13066.6667,85750
14650,84566.6667
13316.6667,86250
12483.3333,85566.6667
12416.6667,85800
14316.6667,83433.3333
14100,83333.3333
14783.3333,83783.3333
14800,83750
12716.6667,87133.3333
12666.6667,86233.3333
12969.4444,86236.6667
11733.3333,86333.3333
13450,86483.3333
12054.1667,86705.2778
12700,86150
12700,86150
12616.6667,86616.6667
13566.6667,86500
14066.6667,86083.3333
14066.6667,86083.3333
14066.6667,86083.3333
12816.6667,84200
14750,83766.6667
14550,83716.6667
12183.3333,86466.6667
12683.3333,87200
13016.6667,85983.3333
12766.6667,87133.3333
12700,87333.3333
13233.3333,85933.3333
13233.3333,85933.3333
12566.6667,85850
13150,86066.6667
12566.6667,85850
12516.6667,85916.6667
12633.3333,85900
12850,86533.3333
12500,86833.3333
12616.6667,86616.6667
11433.3333,85933.3333
12183.3333,86466.6667
12016.6667,86316.6667
12083.8889,86017.5
12200.5556,86093.8889
13066.6667,86000
12733.3333,87433.3333
11133.3333,85333.3333
12866.6667,86116.6667
12250,83750
12666.6667,83550
12133.3333,86583.3333
12850,85466.6667
12566.6667,85866.6667
12516.6667,85900
12466.6667,85433.3333
12266.6667,85800
11550,85900
12700,85550
12023.3333,86200.5556
11400,85500
14983.3333,83466.6667
12416.6667,85800
12566.6667,86600
12683.3333,86350
12733.3333,85966.6667
12733.3333,85966.6667
11950,85950
11950,85950
12133.3333,85800
14050,86066.6667
14050,86066.6667
12866.6667,87216.6667
12583.3333,86900
12266.6667,86783.3333
11950,86266.6667
13533.3333,86716.6667
12550,86216.6667
12550,86216.6667
13533.3333,86283.3333
12520.5556,86860
12616.6667,86616.6667
12933.3333,85983.3333
13066.6667,86000
14483.3333,83983.3333
12544.4444,86546.6667
11683.3333,86200
11650,86266.6667
11933.3333,86550
12250,85650
11883.3333,85950
14466.6667,83283.3333
13383.3333,83566.6667
13383.3333,83566.6667
13883.3333,86133.3333
14500,84150
13416.6667,84250
12666.6667,83550
12666.6667,83550
13416.6667,84250
12666.6667,83550
11700,85800
11766.6667,86200
13033.3333,85633.3333
12400,84883.3333
12400,84883.3333
12916.6667,84883.3333
13016.6667,85983.3333
12900,87633.3333
12516.6667,86950
12900,87633.3333
14083.3333,83416.6667
13533.3333,86716.6667
12500,86083.3333
12199.4444,86763.0556
12983.3333,84383.3333
13533.3333,86716.6667
12800,87216.6667
12750,86866.6667
12600,86150
12116.6667,85616.6667
12833.3333,86416.6667
12500,86233.3333
12566.6667,85733.3333
13383.3333,83566.6667
12616.6667,85616.6667
13583.3333,84783.3333
11866.6667,84516.6667
12000,86300
13100,86616.6667
13600,83916.6667
14183.3333,85400
12816.6667,85850
13666.6667,86166.6667
13666.6667,86166.6667
12683.3333,87250
13150,86100
13733.3333,84766.6667
11516.6667,85833.3333
14616.6667,84500
12166.6667,83033.3333
11233.3333,85650
12650,85866.6667
12416.6667,85700
13483.3333,86583.3333
13033.3333,86916.6667
12066.6667,84250
12033.3333,86633.3333
11366.6667,85783.3333
14616.6667,83933.3333
14333.3333,83800
13733.3333,84766.6667
12483.3333,85983.3333
11916.6667,86483.3333
14283.3333,83483.3333
14266.6667,83550
12100,84033.3333
12733.3333,85016.6667
14266.6667,83550
12933.3333,83533.3333
12150,84083.3333
13866.6667,86016.6667
13083.3333,84283.3333
14733.3333,85000
14733.3333,85000
14733.3333,85000
14950,83533.3333
13866.6667,84516.6667
12716.6667,87300
13166.6667,84133.3333
14200,83633.3333
12450,83483.3333
12850,86100
12851.1111,86099.4444
14883.3333,83616.6667
13400,83566.6667
14916.6667,83566.6667
12583.3333,83750
13350,86616.6667
14683.3333,84683.3333
14750,83916.6667
12886.9444,86538.0556
12683.3333,87250
13066.6667,85650
11133.3333,85300
11250,85633.3333
12433.3333,87033.3333
13150,86183.3333
12716.6667,87300
12016.6667,86283.3333
11833.3333,86316.6667
12666.6667,87100
11850,85333.3333
13183.3333,86933.3333
13183.3333,86933.3333
13183.3333,86933.3333
12750,87383.3333
12066.6667,85083.3333
12083.3333,86250
13566.6667,86233.3333
13533.3333,86516.6667
12700,87333.3333
12483.3333,85750
12266.6667,85083.3333
12083.3333,86250
11866.6667,86466.6667
11866.6667,86133.3333
12366.6667,86700
12150,86516.6667
11950,86333.3333
12750,87383.3333
12066.6667,85083.3333
13450,86566.6667
11400,85766.6667
13416.6667,86550
12650,86533.3333
13450,86566.6667
13066.6667,86883.3333
13000,85733.3333
12583.3333,87200
12466.6667,86150
12433.3333,86833.3333
12300,86766.6667
12300,86716.6667
12016.6667,86250
11900,86433.3333
11850,85983.3333
11800,86166.6667
11800,86166.6667
11733.3333,86216.6667
11633.3333,85933.3333
11483.3333,85600
12050,86316.6667
12801.1111,86370.5556
12900,86200
14700,84733.3333
12801.1111,86370.5556
12716.6667,86516.6667
12683.3333,85983.3333
12616.6667,85516.6667
12566.6667,87116.6667
12550,86600
12516.6667,86616.6667
12500,86816.6667
12466.6667,86966.6667
12283.3333,86750
12183.3333,85883.3333
12116.6667,86200
12083.3333,86300
11866.6667,86133.3333
11783.3333,85933.3333
11650,86333.3333
12266.6667,86483.3333
14283.3333,85183.3333
13400,86383.3333
12883.3333,85883.3333
12800,86400
12633.3333,86350
12400,85733.3333
12366.6667,86166.6667
12300,85233.3333
12283.3333,86683.3333
12233.3333,85116.6667
12200,85666.6667
12066.6667,86500
12066.6667,86333.3333
12033.3333,86250
11850,86383.3333
11783.3333,86200
12516.6667,86916.6667
12633.3333,86950
13166.6667,85850
14300,83633.3333
12400,86766.6667
12150,83966.6667
11800,85183.3333
13333.3333,86050
13750,86716.6667
13166.6667,85850
12666.6667,86150
12566.6667,86983.3333
12550,86350
12266.6667,86050
12216.6667,85900
12133.3333,85716.6667
11933.3333,86283.3333
11766.6667,85183.3333
11800,85933.3333
12150,86416.6667
12933.3333,85733.3333
12766.6667,86533.3333
12600,87133.3333
12533.3333,85716.6667
12416.6667,86833.3333
12400,86933.3333
12266.6667,86083.3333
11733.3333,86350
11600,85916.6667
12383.3333,84816.6667
11783.3333,85933.3333
12683.3333,85633.3333
12866.6667,85900
11700,86033.3333
14766.6667,84766.6667
13450,86600
12816.6667,86116.6667
12683.3333,85933.3333
12566.6667,86533.3333
12516.6667,85516.6667
12466.6667,86766.6667
12083.3333,85666.6667
11983.3333,86283.3333
11950,86383.3333
11866.6667,86183.3333
11850,85916.6667
12383.3333,85616.6667
14716.6667,84083.3333
12383.3333,85616.6667
12466.6667,86283.3333
12600,86500
12300,86183.3333
11616.6667,85966.6667
14650,84300
13266.6667,86050
12733.3333,85666.6667
12633.3333,85433.3333
12350,85250
12216.6667,86033.3333
11366.6667,85800
12766.6667,86933.3333
12983.3333,85833.3333
12766.6667,86766.6667
11450,86066.6667
11900,86266.6667
12166.6667,86033.3333
13266.6667,85516.6667
12850,87600
12650,87233.3333
12650,86833.3333
12533.3333,86400
12416.6667,86983.3333
12250,86800
12150,86150
11900,86483.3333
13566.6667,86233.3333
12266.6667,85083.3333
13833.3333,86133.3333
13450,85916.6667
13016.6667,86316.6667
12866.6667,86016.6667
12733.3333,87333.3333
12666.6667,86050
12616.6667,86450
12583.3333,85700
12416.6667,85800
11983.3333,86583.3333
11916.6667,85933.3333
13700,86250
12883.3333,86350
12633.3333,86800
12516.6667,86550
12016.6667,85983.3333
11883.3333,86250
11300,85766.6667
12950,85766.6667
11866.6667,86233.3333
12400,86666.6667
12083.3333,86366.6667
11533.3333,85900
13816.6667,86200
13450,86533.3333
12866.6667,86600
12666.6667,87083.3333
12366.6667,86750
11650,85866.6667
14766.6667,84100
13650,86033.3333
12700,87283.3333
12100,84216.6667
12083.3333,86383.3333
11983.3333,86383.3333
11983.3333,86050
11833.3333,85983.3333
11683.3333,86350
11483.3333,85566.6667
11433.3333,86083.3333
11716.6667,86050
13000,85933.3333
12383.3333,87050
12366.6667,86933.3333
13300,86183.3333
11966.6667,85166.6667
11916.6667,86366.6667
14633.3333,84650
12950,85866.6667
12816.6667,86316.6667
12450,86216.6667
12033.3333,86250
12950,87000
12816.6667,86283.3333
13433.3333,86466.6667
12950,87000
12916.6667,85833.3333
12850,86516.6667
12550,86666.6667
12416.6667,86766.6667
12338.6111,86212.2222
12216.6667,85883.3333
11966.6667,86316.6667
11683.3333,85916.6667
12050,86566.6667
11850,86450
13216.6667,86116.6667
12866.6667,85583.3333
12700,86683.3333
12683.3333,87250
12650,85616.6667
12350,86216.6667
12300,86866.6667
12000,85966.6667
11850,86450
11683.3333,85866.6667
11666.6667,85950
11433.3333,85850
13266.6667,86883.3333
13266.6667,86883.3333
12133.3333,85116.6667
13266.6667,86883.3333
13050,84733.3333
12133.3333,85116.6667
13183.3333,85916.6667
13266.6667,86883.3333
13116.6667,86333.3333
12950,86800
12783.3333,86433.3333
12700,87100
12666.6667,85933.3333
12533.3333,86733.3333
12283.3333,85016.6667
12216.6667,85416.6667
12133.3333,85116.6667
11916.6667,85350
11866.6667,86316.6667
11833.3333,86100
11783.3333,86466.6667
11566.6667,86033.3333
11416.6667,85483.3333
12200,85616.6667
12516.6667,86916.6667
11966.6667,85266.6667
11800,85233.3333
11683.3333,85866.6667
12900,86116.6667
12883.3333,86716.6667
12883.3333,85766.6667
12533.3333,86983.3333
11966.6667,85983.3333
11866.6667,86233.3333
11850,86416.6667
14266.6667,83666.6667
12966.6667,86766.6667
12933.0556,86348.6111
12650,86666.6667
12616.6667,86300
12350,84550
11400,84900
12783.3333,87133.3333
12783.3333,85583.3333
12333.3333,86816.6667
12233.3333,86550
12183.3333,86516.6667
11400,84900
12583.3333,87266.6667
12150,86216.6667
11866.6667,86316.6667
11766.6667,85850
11716.6667,85866.6667
11583.3333,85583.3333
11466.6667,85883.3333
12783.3333,86483.3333
11566.6667,85833.3333
11466.6667,86133.3333
11350,85800
11100,83933.3333
13133.3333,86100
12883.3333,87533.3333
12850,86700
12833.3333,85700
11916.6667,86200
11600,86016.6667
11583.3333,85650
11600,86016.6667
11900,85433.3333
14750,84083.3333
12783.3333,86683.3333
12533.3333,86900
12483.3333,86283.3333
12400,86800
12383.3333,86716.6667
12200,86600
12183.3333,86366.6667
11983.3333,85200
11966.6667,86000
11883.3333,86583.3333
13416.6667,86600
12700,86883.3333
11966.6667,85116.6667
12500,86850
12383.3333,85666.6667
12183.3333,85566.6667
12116.6667,86616.6667
12116.6667,86566.6667
11800,86450
11483.3333,85650
11300,85916.6667
11483.3333,85650
12266.6667,86583.3333
11533.3333,85966.6667
12700.5556,86054.4444
13550,86166.6667
13550,86166.6667
11900,86083.3333
13766.6667,86016.6667
11250,85866.6667
13550,86166.6667
10916.6667,83700
13166.6667,86616.6667
12766.6667,86916.6667
11950,86183.3333
11800,85166.6667
12616.6667,87116.6667
13766.6667,86016.6667
13550,86166.6667
13516.6667,86533.3333
12766.6667,86916.6667
12516.6667,85600
12166.6667,84200
12168.8889,86034.7222
11950,86183.3333
11950,85983.3333
11916.6667,86616.6667
11900,86083.3333
11483.3333,85516.6667
12416.6667,85616.6667
11700,86366.6667
12800,85133.3333
11850,86150
11483.3333,85650
12600,85766.6667
11783.3333,85900
12000,86316.6667
13283.3333,86650
12716.6667,87183.3333
13533.3333,85533.3333
13566.6667,86350
12766.6667,87283.3333
13050,86583.3333
12583.3333,87200
13583.3333,86700
13233.3333,86300
12983.3333,85116.6667
12950,86050
12766.6667,87283.3333
12733.3333,85933.3333
12716.6667,87116.6667
12683.3333,86800
12650,86933.3333
12600,85766.6667
12583.3333,87200
12516.6667,86783.3333
12500,86433.3333
12416.6667,85616.6667
12350,86216.6667
12216.6667,84216.6667
12150,86750
12100,86733.3333
12100,86316.6667
12050,86000
12000,86550
11983.3333,86216.6667
11883.3333,85300
11850,86150
11716.6667,86350
11650,85950
11533.3333,85816.6667
11483.3333,85650
12533.6111,86227.7778
12016.6667,86216.6667
11450,85800
12066.6667,86666.6667
11816.6667,85983.3333
11516.6667,85866.6667
14700,84200
12783.3333,85700
12650,87216.6667
12127.7778,86064.4444
11950,84250
11933.3333,86216.6667
11850,85216.6667
11383.3333,85916.6667
12575,86779.7222
12339.7222,86022.7778
11650,86066.6667
12931.9444,86195.2778
12550,87166.6667
12550,85483.3333
12433.3333,86800
12316.6667,84333.3333
12216.6667,86300
12200,85950
11683.3333,86300
11616.6667,86000
12250,86083.3333
12766.6667,87166.6667
11950,86216.6667
11916.6667,86000
11516.6667,86100
14633.3333,84650
11833.3333,86300
12383.3333,86050
12333.3333,85516.6667
12283.3333,85083.3333
12783.3333,85700
13150,86066.6667
12566.6667,86683.3333
12300,86650
12504.7222,86300.2778
13200,86766.6667
12416.6667,86033.3333
13200,86766.6667
12504.7222,86300.2778
12504.7222,86300.2778
11783.3333,86150
13200,86766.6667
13200,86766.6667
13200,86766.6667
13583.3333,86283.3333
13200,86766.6667
13083.3333,84283.3333
12950,85866.6667
12816.6667,87450
12550,86850
12504.7222,86300.2778
12300,85650
12233.3333,85983.3333
12166.6667,86350
12033.3333,86300
11900,86316.6667
11750,86166.6667
11600,85950
13683.3333,86316.6667
12566.6667,87216.6667
12166.6667,85850
11750,85866.6667
11850,85166.6667
11783.3333,86050
13200,85916.6667
12716.6667,86233.3333
12133.3333,85466.6667
14666.6667,84650
12083.3333,86283.3333
12300,86033.3333
11516.6667,85866.6667
13000,86800
12966.6667,83533.3333
12483.3333,85750
12750,85850
12083.3333,84233.3333
12199.4444,86763.0556
13383.3333,86366.6667
12483.3333,85800
12566.6667,86366.6667
12416.6667,86800
12150,86150
11866.6667,86400
11916.6667,86516.6667
12250,86633.3333
12616.6667,86533.3333
11516.6667,85966.6667
11483.3333,85950
12916.6667,86550
12766.6667,87383.3333
11916.6667,86516.6667
14666.6667,84700
14666.6667,84700
12533.3333,86550
11116.6667,84783.3333
11800,86033.3333
11800,86033.3333
11766.6667,86100
12481.3889,86051.6667
12416.6667,84266.6667
12216.6667,84033.3333
11983.3333,85983.3333
12183.3333,86000
12566.6667,86283.3333
12550,87033.3333
12316.6667,86066.6667
13533.3333,85916.6667
12100,85216.6667
11900,86516.6667
12750,86450
12566.6667,86966.6667
13266.6667,85833.3333
11850,86266.6667
13466.6667,86533.3333
13316.6667,84450
13250,85833.3333
12733.3333,87050
12533.3333,87050
12533.3333,86883.3333
12483.3333,86850
12483.3333,85150
12473.0556,86042.5
12400,87016.6667
12350,86133.3333
12333.3333,84316.6667
12316.6667,86166.6667
12300,86816.6667
12066.6667,83833.3333
12050,86266.6667
11950,85216.6667
11833.3333,86083.3333
11766.6667,86066.6667
11700,86333.3333
11600,86250
11300,85850
11150,85716.6667
13450,86283.3333
12933.3333,85700
12883.3333,86233.3333
12816.6667,86233.3333
12550,85566.6667
12166.6667,86400
13700,86100
12550,86483.3333
12350,85900
11850,85333.3333
12866.6667,85866.6667
11983.3333,86550
12866.6667,85866.6667
12716.6667,87333.3333
12533.3333,84600
12066.6667,84600
11866.6667,86416.6667
12683.3333,85616.6667
12683.3333,85616.6667
12916.6667,86533.3333
12250,86866.6667
12250,86866.6667
11466.6667,86133.3333
11983.3333,86650
12933.8889,86462.7778
14766.6667,83850
12750,85316.6667
14883.3333,83616.6667
14916.6667,83566.6667
12516.6667,85650
14916.6667,83566.6667
12516.6667,85650
11483.3333,85683.3333
14766.6667,83850
13083.3333,86100
13350,86616.6667
13733.3333,86116.6667
13733.3333,86116.6667
13700,86150
13350,86550
13200,86100
12866.6667,85700
12816.6667,86483.3333
12716.6667,87100
12500,86600
12122.2222,86165
11183.3333,85466.6667
11183.3333,85466.6667
12866.6667,85550
12533.3333,86716.6667
13200,84083.3333
14983.3333,83516.6667
13883.3333,84400
13200,84083.3333
13050,87583.3333
12483.3333,86150
11833.3333,86166.6667
11466.6667,85866.6667
13133.3333,86783.3333
13133.3333,86450
13233.3333,86283.3333
12333.3333,83683.3333
13166.6667,85950
11433.3333,85833.3333
15000,83350
13883.3333,83466.6667
11800,86266.6667
12850,86116.6667
12550,85400
12983.8889,86573.0556
12900,83533.3333
12550,86816.6667
12492.2222,86357.5
11883.3333,85983.3333
11400,85900
12783.3333,87083.3333
12933.3333,85216.6667
13366.6667,86450
12883.3333,86633.3333
13200,86233.3333
12316.6667,85716.6667
12166.6667,84316.6667
12533.3333,87166.6667
14866.6667,83683.3333
14866.6667,83683.3333
12783.3333,85533.3333
12700,86566.6667
12600,86233.3333
11883.3333,83800
12150,84216.6667
12333.3333,83683.3333
14583.3333,85033.3333
12333.3333,83683.3333
13666.6667,86433.3333
14733.3333,84016.6667
11966.6667,85333.3333
12000,84933.3333
11816.6667,84933.3333
13566.6667,86033.3333
14883.3333,83700
14883.3333,83700
13483.3333,86200
12506.1111,86903.3333
12883.3333,87283.3333
12506.1111,86903.3333
13283.3333,86216.6667
12450,86966.6667
12912.7778,86025.8333
12816.6667,86183.3333
12358.8889,86050.2778
13283.3333,86216.6667
13283.3333,86216.6667
12912.7778,86025.8333
14216.6667,83516.6667
11966.6667,85183.3333
12900,87633.3333
12566.6667,83700
13816.6667,86183.3333
13816.6667,86183.3333
11516.6667,83783.3333
11483.3333,85483.3333
11966.6667,85183.3333
12566.6667,87300
13516.6667,85250
12199.4444,86763.0556
11783.3333,86516.6667
12199.4444,86763.0556
12500,86283.3333
11616.6667,85083.3333
12850,87183.3333
12405.5556,86611.6667
11783.3333,86516.6667
12483.3333,87116.6667
13366.6667,83566.6667
12516.6667,87133.3333
12199.4444,86763.0556
12466.6667,87116.6667
11966.6667,85516.6667
12516.6667,87133.3333
14316.6667,85166.6667
14983.3333,83166.6667
14033.3333,83383.3333
12850,87500
12601.3889,86042.7778
12133.3333,85166.6667
11883.3333,86166.6667
12789.4444,86945
11883.3333,86000
13383.3333,86483.3333
13183.3333,85916.6667
12900,83600
11516.6667,85900
11133.3333,85683.3333
13350,86616.6667
12116.6667,84116.6667
12116.6667,84116.6667
12566.6667,86716.6667
13400,83566.6667
12150,86350
13400,83566.6667
13400,83566.6667
12150,84416.6667
12483.3333,84533.3333
11516.6667,85933.3333
13033.3333,86916.6667
13066.6667,85916.6667
13000,86400
12950,86166.6667
11983.3333,85433.3333
13450,86700
13316.6667,86466.6667
13316.6667,86466.6667
12366.6667,85800
11450,85466.6667
13316.6667,86466.6667
13016.6667,87500
11500,85883.3333
12543.0556,86978.8889
12543.0556,86978.8889
11083.3333,85250
12750,86616.6667
12883.3333,85650
12083.3333,86150
12083.3333,86150
14616.6667,84466.6667
11450,85833.3333
12366.6667,87033.3333
12450,87050
12816.6667,84983.3333
11766.6667,86500
14150,85433.3333
13450,86333.3333
12566.6667,86033.3333
12883.3333,87283.3333
12216.6667,86733.3333
12483.3333,86883.3333
12400,84883.3333
12400,84883.3333
13783.3333,86550
14983.3333,83450
13783.3333,86550
13066.6667,86450
11733.3333,86000
12783.3333,85950
13483.3333,84166.6667
13483.3333,84166.6667
12916.6667,84850
11900,86116.6667
11900,86116.6667
11900,86116.6667
13083.3333,86400
13083.3333,86400
12733.3333,85733.3333
14633.3333,84550
11966.6667,86416.6667
11466.6667,83883.3333
12133.3333,84333.3333
12700,85833.3333
12966.6667,85950
12833.3333,85883.3333
12833.3333,85883.3333
11616.6667,85950
12833.3333,86416.6667
12700,87383.3333
12916.6667,86516.6667
12350,83666.6667
12350,83666.6667
12916.6667,86516.6667
12016.6667,86583.3333
12350,86816.6667
12700,85100
11216.6667,85616.6667
11216.6667,85616.6667
13050,84733.3333
12133.3333,85116.6667
11433.3333,84933.3333
11950,86300
12350,86700
12340,86675.2778
11816.6667,86133.3333
12783.3333,85950
13000,85933.3333
12933.3333,83733.3333
11950,86300
11666.6667,85983.3333
11666.6667,85983.3333
13366.6667,85683.3333
12800,85516.6667
13366.6667,85683.3333
12800,85516.6667
11666.6667,85983.3333
12700,86816.6667
12116.6667,85883.3333
11633.3333,86200
12516.6667,85816.6667
12466.6667,87066.6667
12116.6667,85883.3333
12133.3333,85350
12866.6667,86150
12516.6667,87200
12550,87233.3333
12133.3333,86116.6667
11500,85983.3333
11500,85983.3333
14283.3333,85250
14300,85166.6667
12366.6667,87033.3333
12933.3333,85566.6667
13150,84100
12166.6667,86100
11800,86200
12450,87050
12816.6667,84983.3333
14666.6667,84400
11516.6667,84850
11450,85850
12783.3333,85950
12983.3333,87016.6667
12100,85833.3333
12900,86400
12716.6667,85600
11950,86183.3333
12866.6667,84183.3333
12400,85016.6667
12016.6667,86266.6667
12383.3333,86983.3333
13600,84350
12566.6667,87066.6667
12783.3333,87300
12383.3333,86983.3333
13450,86400
12883.3333,85316.6667
12850,85233.3333
12800,85133.3333
12800,85133.3333
12800,85133.3333
14383.3333,83300
12466.6667,86200
11950,86083.3333
11950,86300
13483.3333,86733.3333
13483.3333,86733.3333
13483.3333,86733.3333
12316.6667,85966.6667
11116.6667,85766.6667
11116.6667,85766.6667
12316.6667,85966.6667
11150,85350
12550,83716.6667
11783.3333,86050
14883.3333,83633.3333
12716.6667,86866.6667
11950,86383.3333
14216.6667,83516.6667
14216.6667,83516.6667
12716.6667,85550
12616.6667,86683.3333
14166.6667,85266.6667
12683.3333,86816.6667
12766.6667,86350
12750,85866.6667
13633.3333,86483.3333
12883.3333,86466.6667
13733.3333,86616.6667
13733.3333,86616.6667
13733.3333,86616.6667
11666.6667,85983.3333
12766.6667,85783.3333
11950,85950
12800,86966.6667
12450,86616.6667
12816.6667,84200
11683.3333,84450
12016.6667,86283.3333
12333.3333,86050
12583.3333,85950
11900,86100
11900,86100
11900,86100
12004.7222,86119.4444
14466.6667,83283.3333
14466.6667,83283.3333
14450,83316.6667
11433.3333,85833.3333
14950,83533.3333
12566.6667,84733.3333
11800,86466.6667
11800,86466.6667
12566.6667,84733.3333
14633.3333,84533.3333
12916.6667,85816.6667
12992.7778,86030.2778
12916.6667,85816.6667
12616.6667,86233.3333
11083.3333,85716.6667
11083.3333,85716.6667
12116.6667,86516.6667
11933.3333,86116.6667
11933.3333,86116.6667
11683.3333,86033.3333
11750,86050
11266.6667,85866.6667
11766.6667,86150
11366.6667,85816.6667
11466.6667,85966.6667
11466.6667,85966.6667
12267.5,86565.2778
12267.5,86565.2778
12116.6667,86516.6667
13000,86483.3333
11566.6667,85850
13000,86483.3333
12983.3333,85216.6667
12766.6667,85633.3333
14433.3333,84483.3333
13766.6667,86016.6667
11916.6667,86383.3333
12250,84300
14466.6667,85166.6667
14366.6667,85216.6667
11983.3333,84866.6667
11983.3333,84866.6667
12250,84300
12250,84300
12066.6667,84533.3333
13650,86450
11533.3333,85700
13650,86450
11616.6667,85083.3333
11250,84783.3333
13150,86233.3333
12850,87183.3333
13083.3333,86450
11166.6667,85650
12700,87233.3333
13066.6667,86283.3333
12700,85950
11816.6667,86516.6667
12800,85650
11783.3333,86050
12983.3333,86083.3333
12933.3333,86683.3333
12735,86000.8333
12416.6667,85750
12066.6667,86500
11766.6667,86383.3333
12683.3333,86866.6667
12650,87300
12133.3333,84266.6667
11916.6667,86283.3333
12733.3333,85916.6667
11600,83666.6667
11950,86100
12405.5556,86611.6667
12350,86483.3333
12405.5556,86611.6667
11783.3333,85900
12666.6667,85500
12966.6667,85916.6667
12966.6667,85916.6667
12783.3333,87050
13216.6667,86050
12116.6667,83816.6667
12633.3333,85433.3333
11983.3333,86266.6667
12116.6667,85683.3333
12400,87033.3333
11950,86150
12190,86331.3889
11916.6667,86383.3333
14116.6667,83950
12866.6667,85816.6667
12736.9444,86698.6111
12751.3889,86738.0556
13733.3333,84783.3333
12748.8889,86302.5
12751.3889,86738.0556
14116.6667,83950
12116.6667,86683.3333
14550,84116.6667
12239.1667,86429.1667
12730.5556,86125
13083.3333,86033.3333
13600,86616.6667
13600,86616.6667
12983.3333,86966.6667
12467.7778,86001.1111
13600,86616.6667
13600,86616.6667
12616.6667,87083.3333
11433.3333,85566.6667
12833.3333,86466.6667
12550,85666.6667
12150,86166.6667
12033.3333,86350
11733.3333,86066.6667
11883.3333,86016.6667
11700,85950
13000,86250
11700,85950
11766.6667,85950
12016.6667,86333.3333
12833.3333,85466.6667
12239.1667,86429.1667
12800,85916.6667
13000,86016.6667
12800,85916.6667
13366.6667,86650
13000,86016.6667
12800,85916.6667
12300,84300
12916.6667,85916.6667
11700,86133.3333
12966.6667,86666.6667
11566.6667,85983.3333
11966.6667,86100
11916.6667,86150
12166.6667,85733.3333
12400,86833.3333
12166.6667,85733.3333
11783.3333,86516.6667
12566.6667,83700
12566.6667,83700
12683.3333,87116.6667
12383.3333,87016.6667
14100,83633.3333
14100,83633.3333
12883.3333,87400
11866.6667,84816.6667
13233.3333,85966.6667
11633.3333,86016.6667
12150.8333,86268.3333
13516.6667,85950
12850,86266.6667
12592.5,86679.7222
12600,85716.6667
12150,85833.3333
12600,85716.6667
12150,85833.3333
12850,85083.3333
13250,84083.3333
13250,84083.3333
12083.3333,84000
12583.3333,87283.3333
12683.3333,85533.3333
12446.1111,86040
13650,86616.6667
12683.3333,86200
13250,84083.3333
14016.6667,83416.6667
14016.6667,83416.6667
13683.3333,84616.6667
14383.3333,83883.3333
14383.3333,83883.3333
14050,83483.3333
12000,85166.6667
12766.6667,86766.6667
12661.6667,86437.2222
13416.6667,86116.6667
11550,85900
12583.3333,86933.3333
11800,86383.3333
12633.3333,86966.6667
12516.6667,86533.3333
12850,86533.3333
13066.6667,86133.3333
11866.6667,84516.6667
12183.3333,84133.3333
11866.6667,86450
11866.6667,86266.6667
13683.3333,86700
11883.3333,86266.6667
11883.3333,86266.6667
12500,86450
12666.6667,87083.3333
12466.6667,86400
12366.6667,86883.3333
12166.6667,86416.6667
11783.3333,86016.6667
11783.3333,85966.6667
13816.6667,86183.3333
12150,85850
13450,86700
12333.3333,85550
11800,86150
12733.3333,87400
12733.3333,85833.3333
12633.3333,86883.3333
12466.6667,85850
12483.3333,86816.6667
11916.6667,86100
13783.3333,86550
12983.3333,85750
12566.6667,86050
12916.6667,86516.6667
12350,83666.6667
12000,86216.6667
12333.3333,86050
12483.3333,85916.6667
11800,86466.6667
11800,86466.6667
11800,86400
12166.6667,84983.3333
11766.6667,86016.6667
11983.3333,84816.6667
12400,85966.6667
12650,86866.6667
12966.6667,86616.6667
13300,86566.6667
12900,86583.3333
12766.6667,87183.3333
12966.6667,86433.3333
12900,86566.6667
12866.6667,86333.3333
12283.3333,84533.3333
12216.6667,84133.3333
12183.3333,86583.3333
12466.6667,85433.3333
11816.6667,86400
11833.3333,86300
12766.6667,85816.6667
11850,86350
12883.3333,86616.6667
13466.6667,86466.6667
11700,86233.3333
13833.3333,86050
12983.3333,86900
11833.3333,86300
11816.6667,86150
12083.3333,85900
12650,85300
12400,85916.6667
13050,86283.3333
13050,86033.3333
12950,86466.6667
12683.3333,86516.6667
12233.3333,85600
11766.6667,85250
11683.3333,84950
12233.3333,86416.6667
12884.7222,86055.2778
13033.3333,86616.6667
12366.6667,86666.6667
13033.3333,86083.3333
12983.3333,87066.6667
13400,86550
12000,86216.6667
12669.1667,86091.1111
11850,85150
12192.7778,86369.1667
11833.3333,86333.3333
12266.6667,85933.3333
12192.7778,86369.1667
13333.3333,86116.6667
11800,86366.6667
11800,86366.6667
12333.3333,86783.3333
13250,86766.6667
12716.6667,87066.6667
12683.3333,87166.6667
12366.6667,86816.6667
12233.3333,83783.3333
12083.3333,86466.6667
11783.3333,86400
11733.3333,86016.6667
11500,85683.3333
12066.6667,86100
12066.6667,86100
13066.6667,86133.3333
12200,83833.3333
12200,83833.3333
13333.3333,86050
11750,86450
13016.6667,86600
13033.3333,86300
13100,86166.6667
12950,85933.3333
12316.6667,85766.6667
12216.6667,85416.6667
11983.3333,86016.6667
12950,85933.3333
12833.3333,86266.6667
12600,85833.3333
12900,85966.6667
15000,83400
14966.6667,83533.3333
14966.6667,83533.3333
13383.3333,84966.6667
12900,83600
12450,87166.6667
12900,83666.6667
11483.3333,85833.3333
13833.3333,86200
13516.6667,86333.3333
13366.6667,86516.6667
12751.3889,86738.0556
11450,86083.3333
11350,85733.3333
13483.3333,84083.3333
13483.3333,84083.3333
13483.3333,84083.3333
13166.6667,86616.6667
12900,86316.6667
12733.3333,87183.3333
13233.3333,86700
14466.6667,83266.6667
14466.6667,83266.6667
13033.3333,86166.6667
12216.6667,85166.6667
12600,86933.3333
12933.3333,85833.3333
11916.6667,86433.3333
12435.5556,86879.4444
14733.3333,84083.3333
14466.6667,83266.6667
14466.6667,83266.6667
12300,86566.6667
11850,86516.6667
13616.6667,86050
11866.6667,84816.6667
11866.6667,84816.6667
13666.6667,83700
13666.6667,83700
13666.6667,83700
14050,83483.3333
12633.3333,87150
13300,85850
12266.6667,84450
12168.6111,86453.3333
12133.3333,85850
11483.3333,86100
11366.6667,85766.6667
13483.3333,85916.6667
13483.3333,85916.6667
11816.6667,85933.3333
11266.6667,85783.3333
12366.6667,86866.6667
12016.6667,85250
12850,87533.3333
12750,86133.3333
12566.6667,86216.6667
12483.3333,86016.6667
12566.6667,86316.6667
13516.6667,84900
12800,86266.6667
12316.6667,86183.3333
12200,85700
12050,86266.6667
14550,84116.6667
12969.4444,86236.6667
12566.6667,86183.3333
12133.3333,86366.6667
11900,86500
11733.3333,86333.3333
11350,85883.3333
12233.3333,84116.6667
12033.3333,84466.6667
12966.6667,86366.6667
12627.7778,86702.5
13633.3333,86133.3333
13366.6667,86083.3333
13833.3333,86133.3333
12866.6667,86533.3333
12300,86183.3333
12916.6667,85950
13100,86616.6667
12683.3333,86483.3333
11783.3333,86116.6667
12866.6667,86733.3333
11466.6667,86133.3333
13350,86616.6667
11950,86166.6667
13200,86233.3333
12600,86233.3333
13433.3333,85933.3333
11833.3333,85250
13033.3333,87533.3333
12816.6667,85016.6667
11983.3333,85300
12250,85816.6667
12566.6667,86033.3333
12053.3333,86076.9444
13000,86766.6667
12950,86583.3333
12633.3333,86016.6667
12516.6667,86600
12350,85700
11966.6667,86416.6667
11516.6667,85583.3333
11383.3333,85983.3333
11916.6667,85916.6667
11716.6667,85866.6667
11433.3333,85850
12350,83666.6667
12350,83666.6667
12416.6667,86633.3333
12383.3333,85916.6667
12366.6667,87016.6667
12933.3333,86266.6667
12466.6667,85750
12716.6667,85483.3333
12033.3333,84433.3333
12866.6667,85233.3333
12766.6667,86716.6667
12628.8889,86135.5556
12616.6667,87000
12416.6667,85533.3333
12316.6667,84300
12133.3333,84433.3333
12016.6667,86283.3333
11866.6667,85266.6667
11566.6667,86166.6667
11883.3333,86483.3333
12833.3333,85383.3333
13083.3333,86033.3333
12983.3333,86966.6667
12467.7778,86001.1111
12983.3333,86966.6667
12467.7778,86001.1111
11566.6667,85933.3333
12900,85533.3333
12833.3333,86466.6667
12616.6667,86933.3333
12550,85666.6667
12500,86983.3333
12433.3333,86750
12416.6667,86166.6667
12400,86733.3333
12283.3333,86850
12150,86166.6667
12033.3333,86350
11800,86316.6667
11733.3333,86066.6667
11700,86250
11633.3333,85950
12566.6667,85833.3333
12700,87250
12666.6667,86850
11800,86166.6667
13783.3333,86566.6667
12838.6111,86217.5
12816.6667,85516.6667
12683.3333,85533.3333
12446.1111,86040
12700,86100
12233.3333,83833.3333
11900,86400
12983.3333,86300
12583.3333,86133.3333
12300,86683.3333
12133.3333,85416.6667
13300,86083.3333
12550,87150
12466.6667,85433.3333
12316.6667,85733.3333
12466.6667,85616.6667
12166.6667,85066.6667
12100,86216.6667
13183.3333,86366.6667
12683.3333,86783.3333
12216.6667,86000
12233.3333,85766.6667
12733.3333,86883.3333
12000,86033.3333
11883.3333,86250
12833.3333,87583.3333
12050,86700
11766.6667,86183.3333
11666.6667,85983.3333
12950,86900
13250,85250
12950,86900
12666.6667,86866.6667
12266.6667,85983.3333
12200,85850
12150,85900
11983.3333,86300
11850,85950
11533.3333,86066.6667
11466.6667,86083.3333
12000,86300
11750,86300
12550,86816.6667
11483.3333,85516.6667
11466.6667,85500
12633.3333,87083.3333
11850,86116.6667
13600,86083.3333
12900,86466.6667
12166.6667,86133.3333
12666.6667,87283.3333
13666.6667,86116.6667
13150,85750
11966.6667,86316.6667
11750,86033.3333
12566.6667,86900
12350,86783.3333
12350,86783.3333
12733.3333,86216.6667
11900,85933.3333
11550,86116.6667
12933.3333,86633.3333
11716.6667,86283.3333
11516.6667,86150
13100,85916.6667
12983.3333,86316.6667
12669.1667,86091.1111
12669.1667,86091.1111
11533.3333,86050
13616.6667,84800
12616.6667,87016.6667
12433.3333,86733.3333
11750,86066.6667
11233.3333,85750
12333.3333,85950
12800,85800
12966.6667,86550
12674.4444,86570.8333
12533.3333,86716.6667
13883.3333,84400
13650,85016.6667
12950,85800
12283.3333,86750
13416.6667,86050
12450,83816.6667
11766.6667,86266.6667
12600,86450
12700,87166.6667
12733.3333,86183.3333
12316.6667,85716.6667
12916.6667,85816.6667
12166.6667,86750
13733.3333,86700
11616.6667,86100
12183.3333,85316.6667
11983.3333,86333.3333
12233.3333,85983.3333
12233.3333,86616.6667
12900,85250
12933.3333,85266.6667
12816.6667,86983.3333
12333.3333,84100
13450,86333.3333
11633.3333,86166.6667
12750,86183.3333
12716.6667,86716.6667
12783.3333,87350
12783.3333,85950
12600,87283.3333
12433.3333,85666.6667
12283.3333,85666.6667
11766.6667,86216.6667
11616.6667,86150
11600,86200
13083.3333,86400
11716.6667,86116.6667
11333.3333,85766.6667
11850,85283.3333
11766.6667,86200
12033.3333,86016.6667
12950,85633.3333
12200,85666.6667
12683.3333,86900
12050,85633.3333
12350,86700
12350,86700
11816.6667,86133.3333
12340,86675.2778
12340,86675.2778
12340,86675.2778
11816.6667,86133.3333
12966.6667,85366.6667
13866.6667,83766.6667
12450,86950
12400,86916.6667
12850,87200
12800,87033.3333
12566.6667,86600
12066.6667,85683.3333
12033.3333,85266.6667
13066.6667,85900
12266.6667,85883.3333
11783.3333,86050
11733.3333,86383.3333
11916.6667,86383.3333
11916.6667,86383.3333
12866.6667,86433.3333
12633.3333,87083.3333
12250,85066.6667
12883.3333,86433.3333
12700,86516.6667
12583.3333,86400
11483.3333,85933.3333
12596.9444,86352.7778
11700,86166.6667
11866.6667,86233.3333
14016.6667,83416.6667
12733.3333,86783.3333
12050,86150
14016.6667,83416.6667
14133.3333,85450
12266.6667,86833.3333
11916.6667,86316.6667
11866.6667,84816.6667
14016.6667,83416.6667
13733.3333,84783.3333
13733.3333,84783.3333
13616.6667,85950
12850,85900
11816.6667,86000
13733.3333,84783.3333
12433.3333,86933.3333
12816.6667,85550
12966.6667,85766.6667
12216.6667,85166.6667
12933.3333,85833.3333
11150,85766.6667
12966.6667,86666.6667
13050,86300
13050,86300
12966.6667,86333.3333
12683.3333,87333.3333
11550,85933.3333
13650,86183.3333
12350,85733.3333
12550,87150
12766.6667,86100
12866.6667,86383.3333
12727.2222,86380.8333
12748.8889,86302.5
11733.3333,85183.3333
11666.6667,86166.6667
12016.6667,86266.6667
14750,84083.3333
12833.3333,85766.6667
12350,83666.6667
13050,86300
12833.3333,85766.6667
12683.3333,87333.3333
11716.6667,85833.3333
13000,84916.6667
12450,85816.6667
13150,86183.3333
12883.3333,86283.3333
13183.3333,86566.6667
12433.3333,86850
11933.3333,86400
11866.6667,85916.6667
11816.6667,86250
11800,86033.3333
11766.6667,85883.3333
12016.6667,84650
12633.3333,87150
12000,84783.3333
13083.3333,86550
12933.3333,85866.6667
11433.3333,85783.3333
13066.6667,85916.6667
12033.3333,86266.6667
12541.1111,86579.4444
11883.3333,86000
12283.3333,85016.6667
12833.3333,85266.6667
12366.6667,84400
12533.3333,86016.6667
11616.6667,86116.6667
11566.6667,85650
11566.6667,85033.3333
11383.3333,85950
11133.3333,85783.3333
12483.3333,83750
10933.3333,83733.3333
12833.3333,85916.6667
12666.6667,87216.6667
12100,85716.6667
12050,84666.6667
13016.6667,86083.3333
14666.6667,84400
13233.3333,85883.3333
12983.3333,86850
12816.6667,85750
12700,87200
12566.6667,85533.3333
12283.3333,86600
12200,84283.3333
12116.6667,85850
11516.6667,86033.3333
11316.6667,85900
11183.3333,85783.3333
12700,86883.3333
11816.6667,85950
12616.6667,87283.3333
11766.6667,85883.3333
12550,84900
13000,85850
12816.6667,85750
11283.3333,85850
11550,85833.3333
13116.6667,84183.3333
12748.8889,86302.5
13116.6667,84183.3333
12416.6667,85850
11916.6667,86216.6667
12066.6667,86266.6667
12466.6667,87033.3333
12333.3333,86883.3333
12700,86150
12970.2778,86045.5556
13883.3333,84566.6667
11733.3333,86200
13183.3333,86166.6667
12366.6667,85883.3333
12083.3333,84216.6667
13500,86383.3333
12900,86116.6667
12866.6667,86716.6667
12566.6667,87066.6667
12533.3333,85750
12183.3333,85850
11933.3333,86183.3333
11550,85666.6667
11200,85516.6667
12233.3333,86100
11983.3333,85466.6667
12683.3333,87083.3333
11850,85983.3333
11650,86183.3333
11400,85850
12066.6667,86466.6667
12916.6667,85866.6667
12616.6667,87300
12883.3333,87500
12550,86866.6667
12300,86600
12733.3333,86816.6667
12433.3333,85633.3333
12400,86816.6667
11933.3333,86500
12083.3333,86100
11683.3333,86000
12833.3333,87083.3333
12200,84166.6667
11933.3333,86183.3333
13033.3333,86233.3333
13133.3333,86300
12233.3333,86083.3333
11233.3333,85750
13100,85916.6667
11666.6667,86083.3333
11633.3333,86066.6667
11983.3333,85950
12632.2222,86543.6111
12100,86583.3333
11916.6667,86516.6667
13083.3333,86633.3333
12883.3333,86783.3333
12683.3333,86633.3333
11933.3333,85283.3333
11850,85950
11733.3333,86100
12866.6667,85816.6667
12466.6667,85333.3333
13566.6667,84933.3333
11783.3333,86050
11683.3333,86383.3333
11683.3333,86383.3333
12733.3333,86516.6667
11933.3333,86183.3333
13083.3333,85516.6667
12433.3333,86266.6667
11600,85850
11300,85833.3333
11350,85983.3333
12050,84616.6667
11916.6667,86283.3333
11800,86033.3333
12900,83533.3333
12900,83533.3333
12700,87033.3333
12833.3333,86666.6667
11150,84633.3333
12500,85983.3333
12450,85966.6667
12650,85650
12083.3333,86266.6667
11850,85983.3333
12450,86933.3333
12116.6667,86250
11450,85516.6667
11933.3333,86333.3333
12983.3333,85566.6667
12983.3333,87083.3333
11466.6667,86116.6667
12033.3333,86466.6667
14483.3333,83916.6667
13133.3333,84916.6667
13466.6667,84166.6667
14566.6667,83500
14350,85183.3333
12216.6667,84750
14816.6667,83716.6667
13700,83700
13700,83700
12250,83750
12250,83750
13700,83700
13466.6667,84783.3333
13400,84900
13466.6667,84783.3333
13966.6667,83633.3333
13700,83700
13700,83700
13316.6667,83600
14216.6667,83516.6667
14166.6667,83316.6667
14166.6667,83316.6667
12083.3333,83950
14700,84750
14700,84750
14750,83416.6667
12916.6667,86033.3333
12400,83733.3333
13966.6667,83633.3333
14566.6667,84433.3333
14566.6667,84433.3333
14766.6667,83850
13466.6667,84166.6667
14900,83600
14900,83600
14883.3333,83700
14650,84600
14283.3333,85216.6667
14733.3333,84016.6667
14733.3333,84016.6667
14650,84600
13550,85783.3333
13166.6667,84133.3333
14650,84550
14466.6667,83283.3333
14750,83883.3333
12916.6667,83583.3333
13916.6667,83483.3333
12900,83583.3333
13200,84083.3333
13183.3333,84933.3333
12216.6667,84750
14483.3333,83983.3333
14083.3333,83416.6667
14083.3333,83416.6667
12150,83966.6667
13616.6667,84016.6667
12400,83733.3333
12400,83733.3333
13650,86183.3333
12083.3333,85400
12866.6667,85933.3333
12866.6667,85983.3333
12866.6667,85983.3333
12600,87016.6667
13516.6667,86400
13350,86266.6667
12866.6667,86200
12566.6667,85850
12250,85466.6667
11333.3333,85850
13250,86783.3333
13016.6667,86066.6667
11533.3333,85916.6667
13350,86266.6667
12650,87150
13066.6667,85650
12733.3333,87433.3333
11850,86200
13100,86000
12683.3333,86600
12866.6667,86200
13716.6667,86133.3333
12727.2222,86380.8333
13650,86083.3333
12533.3333,86816.6667
12727.2222,86380.8333
12666.6667,86533.3333
12550,87016.6667
12450,86850
11733.3333,86033.3333
12783.3333,85700
13650,86183.3333
13916.6667,86133.3333
12250,85466.6667
12266.6667,86733.3333
13416.6667,85266.6667
13316.6667,84433.3333
13800,83750
13800,83750
13866.6667,83583.3333
13116.6667,86216.6667
12933.3333,83533.3333
12933.3333,83533.3333
13133.3333,86333.3333
11983.3333,86283.3333
14466.6667,85183.3333
12066.6667,86500
12500,86933.3333
12533.3333,87050
12700,87233.3333
12450,87050
12583.3333,87100
11716.6667,86050
12983.3333,85783.3333
12250,86083.3333
13633.3333,86683.3333
11733.3333,86083.3333
13650,86150
11716.6667,86416.6667
11633.3333,86216.6667
11616.6667,86316.6667
13550,83533.3333
14733.3333,83966.6667
14800,83733.3333
13550,83533.3333
14450,83316.6667
13700,84850
13466.6667,83550
13450,84266.6667
13466.6667,83550
13450,84266.6667
12933.3333,83533.3333
13650,84833.3333
12583.3333,83750
13883.3333,83466.6667
13883.3333,83466.6667
11883.3333,86350
13033.3333,86000
12900,86283.3333
13700,83516.6667
12316.6667,83666.6667
11100,83816.6667
12916.6667,86616.6667
12933.3333,86616.6667
12816.6667,87416.6667
12933.3333,86616.6667
12933.3333,86850
12816.6667,87416.6667
12400,86816.6667
12150,86033.3333
11983.3333,85433.3333
12800,87400
12833.3333,86033.3333
12016.6667,84950
11150,85350
11233.3333,85750
11100,85216.6667
11816.6667,86400
12683.3333,85716.6667
11816.6667,86183.3333
11816.6667,86183.3333
11816.6667,86183.3333
11416.6667,86033.3333
12433.3333,85700
11416.6667,86033.3333
11416.6667,86033.3333
12633.3333,86250
12633.3333,86250
12450,85600
11816.6667,86183.3333
13616.6667,85833.3333
14066.6667,85300
13416.6667,86116.6667
12883.3333,85116.6667
13616.6667,85833.3333
13300,86266.6667
12100,86666.6667
13000,84916.6667
13416.6667,86550
11450,86016.6667
12933.3333,85533.3333
13416.6667,86550
13000,85616.6667
12216.6667,85816.6667
12750,86566.6667
12516.6667,86050
12750,86566.6667
12516.6667,86750
12833.3333,86316.6667
11866.6667,86333.3333
11850,86016.6667
11850,86016.6667
13150,86183.3333
13516.6667,85950
13416.6667,86116.6667
13416.6667,86116.6667
12883.3333,85833.3333
12800,86766.6667
12416.6667,87016.6667
12416.6667,86883.3333
11983.3333,84233.3333
11733.3333,85933.3333
12733.3333,86883.3333
10916.6667,83700
14450,83283.3333
12283.3333,85083.3333
12100,84033.3333
13183.3333,86566.6667
12900,83533.3333
14450,83283.3333
11933.3333,85950
12733.3333,85700
11516.6667,83783.3333
11650,86150
11383.3333,86033.3333
12950,86716.6667
12666.6667,87350
12933.3333,85866.6667
12933.3333,85866.6667
13366.6667,86200
11850,86350
13066.6667,85916.6667
13066.6667,85916.6667
13966.6667,84416.6667
12383.3333,84233.3333
12283.3333,85016.6667
10966.6667,83766.6667
11383.3333,85950
12583.3333,87116.6667
12566.6667,87233.3333
11900,86183.3333
11783.3333,86000
12150,83683.3333
12316.6667,84233.3333
11500,86166.6667
13083.3333,86350
13016.6667,86350
12750,85666.6667
14666.6667,84650
12783.3333,87250
12666.6667,85783.3333
12066.6667,86216.6667
11816.6667,86100
11500,85700
11500,85700
11883.3333,86250
12266.6667,85616.6667
13050,86283.3333
13450,86716.6667
13050,86283.3333
13233.3333,85883.3333
12700,87200
12933.3333,83533.3333
12283.3333,85116.6667
12916.6667,85666.6667
12283.3333,85116.6667
11200,85800
11200,85800
11166.6667,85800
11200,85800
11600,86033.3333
12566.6667,84983.3333
12350,83666.6667
11700,86233.3333
13833.3333,86050
11933.3333,86300
12933.3333,85616.6667
12800,85883.3333
12775.5556,86147.7778
13616.6667,86050
13583.3333,86433.3333
13550,85783.3333
13516.6667,86533.3333
13483.3333,84216.6667
13200,86800
12950,85366.6667
12783.3333,86983.3333
12750,85916.6667
12566.6667,87300
12350,85666.6667
12166.6667,85666.6667
11933.3333,86483.3333
11883.3333,86583.3333
11533.3333,86016.6667
12150,86116.6667
12533.3333,87216.6667
11700,85900
12666.6667,87166.6667
12500,85716.6667
12950,85166.6667
12866.6667,85183.3333
12683.3333,85183.3333
11900,85983.3333
11733.3333,86083.3333
12627.7778,86702.5
12233.3333,86566.6667
11750,86100
11250,85850
12883.3333,86700
13066.6667,85750
13316.6667,86250
12700,86316.6667
12483.3333,85566.6667
12383.3333,85700
12233.3333,85450
12883.3333,85100
12516.6667,86983.3333
13450,86483.3333
12700,85383.3333
12383.3333,86866.6667
12300,86783.3333
12300,85816.6667
12054.1667,86705.2778
12600,86950
11866.6667,85950
12900,85116.6667
12016.6667,86316.6667
12016.6667,86683.3333
11850,86316.6667
11133.3333,85333.3333
12250,85866.6667
12666.6667,85816.6667
12583.3333,86100
12566.6667,86600
12566.6667,86366.6667
12532.5,86019.7222
12716.6667,85883.3333
12216.6667,86366.6667
12266.6667,86783.3333
13016.6667,85983.3333
12900,87633.3333
12800,86300
12516.6667,86950
11416.6667,86016.6667
12716.6667,86116.6667
12500,86083.3333
12237.5,86721.6667
12199.4444,86763.0556
11833.3333,86483.3333
12272.2222,86305
12400,86866.6667
12716.6667,85566.6667
12416.6667,85933.3333
12666.6667,85483.3333
11216.6667,85850
11716.6667,86133.3333
12900,85916.6667
12683.3333,86750
12383.3333,86616.6667
12366.6667,86233.3333
12083.3333,86366.6667
11216.6667,85816.6667
12000,86000
13866.6667,86016.6667
12666.6667,85116.6667
12886.9444,86538.0556
13066.6667,85650
11250,85616.6667
12716.6667,87333.3333
13850,84600
13216.6667,86183.3333
12983.3333,85216.6667
12983.3333,85216.6667
12116.6667,85383.3333
11866.6667,86416.6667
12916.6667,86533.3333
11183.3333,85466.6667
12966.6667,85533.3333
11733.3333,86233.3333
13050,87583.3333
12483.3333,86150
12350,86650
12216.6667,86066.6667
12050,86250
11933.3333,86566.6667
11833.3333,86166.6667
11783.3333,86366.6667
11466.6667,85866.6667
12066.6667,86316.6667
13233.3333,86283.3333
12883.3333,85683.3333
12816.6667,86316.6667
12783.3333,85966.6667
12750,85716.6667
12333.3333,85650
11866.6667,86033.3333
12366.6667,86900
12333.3333,85516.6667
12633.3333,85850
12516.6667,85716.6667
12050,86666.6667
11516.6667,86050
12600,87133.3333
12283.3333,86616.6667
12216.6667,85666.6667
12166.6667,84316.6667
11950,86266.6667
12533.3333,87166.6667
11983.3333,85350
11900,85900
11600,86183.3333
12700,86816.6667
13116.6667,85816.6667
12866.6667,87566.6667
12789.4444,86945
12566.6667,86716.6667
11550,85950
12100,86400
12916.6667,86016.6667
12633.3333,87266.6667
12250,85750
13316.6667,86466.6667
14983.3333,83200
13333.3333,84366.6667
13000,86650
12633.3333,87150
12116.6667,85783.3333
11900,86200
11883.3333,85183.3333
11766.6667,86350
12983.3333,86800
12966.6667,86066.6667
12083.3333,86150
11866.6667,86100
12450,87050
12483.3333,85700
12450,86083.3333
11300,85883.3333
13066.6667,86450
12050,86416.6667
11733.3333,86000
11500,85816.6667
12650,86700
12133.3333,84466.6667
12833.3333,86416.6667
11983.3333,86050
11450,85550
12916.6667,84683.3333
12666.6667,87066.6667
12616.6667,87183.3333
11400,85800
12383.3333,85683.3333
11700,86200
11433.3333,84933.3333
12900,86566.6667
13050,86383.3333
11983.3333,86483.3333
12833.3333,86166.6667
12116.6667,85883.3333
12916.6667,87500
12866.6667,85516.6667
12750,85700
12733.3333,87116.6667
12533.3333,85566.6667
12516.6667,86483.3333
12150,84650
12133.3333,86116.6667
11900,86233.3333
11883.3333,86233.3333
12300,86050
12250,86550
12472.7778,86464.4444
12033.3333,86250
11950,86250
12166.6667,86100
11766.6667,86233.3333
11450,85900
12450,85900
11500,85800
12333.3333,86633.3333
12031.9444,86020.8333
11866.6667,86100
13133.3333,85983.3333
12833.3333,87200
11116.6667,85766.6667
12783.3333,86600
12650,86383.3333
12616.6667,86683.3333
11900,86333.3333
11800,86216.6667
13016.6667,86333.3333
12766.6667,86350
12850,85933.3333
12966.6667,86000
12883.3333,86466.6667
12800,86966.6667
12800,85966.6667
12583.3333,86300
11683.3333,86133.3333
11683.3333,86216.6667
12992.7778,86030.2778
12916.6667,85816.6667
12616.6667,86233.3333
11683.3333,86216.6667
11666.6667,86216.6667
11083.3333,85716.6667
12183.3333,85250
12733.3333,86250
12350,85550
11616.6667,85083.3333
12833.3333,86350
11966.6667,85483.3333
13083.3333,86450
11633.3333,86266.6667
11733.3333,85916.6667
13216.6667,86050
12550,85933.3333
13366.6667,86650
11900,85250
12950,85266.6667
12200,86383.3333
12500,86016.6667
12533.3333,86050
13116.6667,86016.6667
12166.6667,85500
13700,85683.3333
11483.3333,85833.3333
13516.6667,86333.3333
13366.6667,86516.6667
12751.3889,86738.0556
11450,86083.3333
11350,85966.6667
11350,85733.3333
12566.6667,86316.6667
12850,84133.3333
13233.3333,86700
13083.3333,86550
12716.6667,86783.3333
13516.6667,86400
12866.6667,86200
12250,85466.6667
11333.3333,85850
12916.6667,85283.3333
12766.6667,86133.3333
12850,86450
13716.6667,86133.3333
12966.6667,86300
12816.6667,85850
12533.3333,85966.6667
11583.3333,86100
12533.3333,86816.6667
12727.2222,86380.8333
11650,86133.3333
11583.3333,85883.3333
11666.6667,86133.3333
11783.3333,86233.3333
12416.6667,86933.3333
12916.6667,86750
13033.3333,86000
12900,86283.3333
12900,85733.3333
11883.3333,86350
12716.6667,86883.3333
11666.6667,85866.6667
11500,86083.3333
12766.6667,86200
12050,85950
12195,86072.2222
11950,85366.6667
12633.3333,86250
12100,86666.6667
12133.3333,86650
12850,86500
11683.3333,86100
12816.6667,85266.6667
12750,86400
11950,86416.6667
12750,86566.6667
12616.6667,85900
12533.3333,85800
11866.6667,86333.3333
11850,86016.6667
13400,86733.3333
12300,85550
11650,86233.3333
11583.3333,86183.3333
12733.3333,85700
11883.3333,86350
11383.3333,86033.3333
12900,86683.3333
13366.6667,86200
13100,84216.6667
11933.3333,85416.6667
11883.3333,86000
12650,87266.6667
12683.3333,86683.3333
12816.6667,85633.3333
13450,86716.6667
12583.3333,86516.6667
13050,86283.3333
12000,84666.6667
12250,86466.6667
12000,84666.6667
11633.3333,86133.3333
12233.3333,86383.3333
12283.3333,85116.6667
12266.6667,86400
12233.3333,86666.6667
12283.3333,85116.6667
11716.6667,86200
12466.6667,84366.6667
11800,86066.6667
13666.6667,84450
12674.1667,86422.7778
12300,86050
12150,85650
11950,86016.6667
11833.3333,86183.3333
13833.3333,84633.3333
13850,84566.6667
11950,86250
11150,85433.3333
12516.6667,84933.3333
12100,86350
10766.6667,83766.6667
12100,86466.6667
11116.6667,83900
11983.3333,86316.6667
11866.6667,86133.3333
12566.6667,85966.6667
11816.6667,85966.6667
12800,86716.6667
12683.3333,86216.6667
13733.3333,86700
13316.6667,86150
12650,85583.3333
11816.6667,86050
11800,86033.3333
12833.3333,86400
12566.6667,85916.6667
12516.6667,85950
11400,85966.6667
11950,86216.6667
12666.6667,86800
12783.3333,85900
12533.3333,85783.3333
12383.3333,84283.3333
12100,84900
11966.6667,86316.6667
12016.6667,83816.6667
11933.3333,85200
12416.6667,86850
13033.3333,84566.6667
12816.6667,87416.6667
12019.4444,86072.7778
12833.3333,86516.6667
12083.3333,85900
14600,84433.3333
12683.3333,87033.3333
11983.3333,86316.6667
12650,85300
12650,85300
12300,85083.3333
12833.3333,85816.6667
12433.3333,84950
11966.6667,84616.6667
12283.3333,86066.6667
12000,84733.3333
13283.3333,86333.3333
12600,86550
12183.3333,86400
12283.3333,86883.3333
12866.6667,84933.3333
12366.6667,86883.3333
12566.6667,86016.6667
11800,86516.6667
12450,86833.3333
12750,86416.6667
12216.6667,85633.3333
12316.6667,85616.6667
11016.6667,84400
11016.6667,84400
13133.3333,85150
12716.6667,85800
12700,85783.3333
12083.3333,86633.3333
11016.6667,84400
12933.3333,86533.3333
12900,86233.3333
12716.6667,86300
12766.6667,85233.3333
12716.6667,86300
12266.6667,86683.3333
11766.6667,85833.3333
11683.3333,86166.6667
14733.3333,84250
12983.3333,87650
12633.3333,86066.6667
12483.3333,86916.6667
12383.3333,86833.3333
12350,86966.6667
12316.6667,86216.6667
12200,85533.3333
12066.6667,86283.3333
11983.3333,86516.6667
11983.3333,85966.6667
11883.3333,86250
11733.3333,85783.3333
11366.6667,85866.6667
12400,86483.3333
13583.3333,86233.3333
13716.6667,84933.3333
13050,86250
12716.6667,85516.6667
12816.6667,85983.3333
12983.3333,87483.3333
11966.6667,86016.6667
11533.3333,85833.3333
12633.3333,85650
12166.6667,86216.6667
12016.6667,86450
12983.3333,86483.3333
11066.6667,85100
12333.3333,83816.6667
11716.6667,86216.6667
11650,85983.3333
11466.6667,85983.3333
12516.6667,85850
12500,85866.6667
12950,86266.6667
12850,87266.6667
12783.3333,86016.6667
12583.3333,85916.6667
12000,84700
11750,86150
11933.3333,85333.3333
12016.6667,86550
11833.3333,86333.3333
12266.6667,85933.3333
11716.6667,86166.6667
13266.6667,85516.6667
13966.6667,84683.3333
12716.6667,85633.3333
12616.6667,86750
12133.3333,86216.6667
11750,86233.3333
12283.3333,86533.3333
12533.3333,85900
11995,83688.8889
12850,85966.6667
12616.6667,85650
13333.3333,86450
12916.6667,86316.6667
12700,86283.3333
12616.6667,85866.6667
12466.6667,87116.6667
12116.6667,84116.6667
13566.6667,86166.6667
12950,85600
12833.3333,85950
12816.6667,85366.6667
12666.6667,85650
12616.6667,87233.3333
12566.6667,85650
12116.6667,86033.3333
12183.3333,85283.3333
11500,86166.6667
11916.6667,86233.3333
13683.3333,86316.6667
12333.3333,86783.3333
13016.6667,85916.6667
12333.3333,86783.3333
13250,86833.3333
13000,85150
12116.6667,84450
11966.6667,86483.3333
13266.6667,86666.6667
12066.6667,86700
11633.3333,85950
13633.3333,86633.3333
12266.6667,85716.6667
12716.6667,86650
11683.3333,84700
11683.3333,84700
12833.3333,86800
12883.3333,86550
13283.3333,86333.3333
11816.6667,86200
11783.3333,85966.6667
11883.3333,85366.6667
11883.3333,85366.6667
11900,86466.6667
12383.3333,85533.3333
11783.3333,86183.3333
11566.6667,86150
13416.6667,84250
11850,86350
11833.3333,86183.3333
13416.6667,86400
13050,84733.3333
12797.7778,86146.3889
11850,86216.6667
11866.6667,86050
11850,86233.3333
11850,86233.3333
11883.3333,86050
13733.3333,86516.6667
13716.6667,86500
12833.3333,85683.3333
12200,86383.3333
10766.6667,83766.6667
12950,86900
12950,86900
13416.6667,86400
13133.3333,85933.3333
12730.5556,86125
13066.6667,86766.6667
13066.6667,86766.6667
13683.3333,84950
13683.3333,84950
14400,83216.6667
14050,83516.6667
14400,83216.6667
14483.3333,83916.6667
14483.3333,83916.6667
12333.3333,84466.6667
13183.3333,85916.6667
13183.3333,85916.6667
11833.3333,85933.3333
13433.3333,85250
12550,84900
13283.3333,86650
12350,85783.3333
12850,85516.6667
12066.6667,86300
12783.3333,85833.3333
13000,85850
12683.3333,85716.6667
14816.6667,83716.6667
14116.6667,83950
13700,83700
12250,83750
12233.3333,83750
12233.3333,83750
13466.6667,84783.3333
12383.3333,85766.6667
11283.3333,85850
13700,83700
11300,85866.6667
12482.7778,86433.6111
11883.3333,86250
13016.6667,85800
11533.3333,85566.6667
11100,85683.3333
11483.3333,86016.6667
14116.6667,83650
14116.6667,83650
14116.6667,83650
12266.6667,85383.3333
13200,86766.6667
12733.3333,86483.3333
12416.6667,85850
14166.6667,83316.6667
11983.3333,86316.6667
13733.3333,86700
13316.6667,86150
12500,86283.3333
12583.3333,87066.6667
12916.6667,87500
12916.6667,87500
12483.3333,86983.3333
12950,86516.6667
12616.6667,86700
12283.3333,86371.3889
12100,84900
11966.6667,86316.6667
12166.6667,83033.3333
12970.2778,86045.5556
12483.3333,87166.6667
12033.3333,86350
12483.3333,86983.3333
12483.3333,86983.3333
12483.3333,86983.3333
13683.3333,84566.6667
14816.6667,83716.6667
12416.6667,86850
13883.3333,84566.6667
11733.3333,86200
13800,85866.6667
13350,86400
13183.3333,86166.6667
11966.6667,86316.6667
13666.6667,86116.6667
13500,86383.3333
12583.3333,87150
11933.3333,86183.3333
11200,85516.6667
12019.4444,86072.7778
12019.4444,86072.7778
12800,84033.3333
13233.3333,85933.3333
12066.6667,86200
12100,86216.6667
12616.6667,86766.6667
12500,86833.3333
12483.3333,86883.3333
12533.3333,86816.6667
12500,86833.3333
12033.3333,86466.6667
12550,86916.6667
12633.3333,85666.6667
11766.6667,86133.3333
12283.3333,85516.6667
13166.6667,86816.6667
11650,84433.3333
12516.6667,87116.6667
11683.3333,84450
12116.6667,86316.6667
12483.3333,87050
12483.3333,87050
11650,84433.3333
12533.3333,87050
13116.6667,86166.6667
11100,85216.6667
12283.3333,85866.6667
12400,83733.3333
12120,86121.9444
12120,86121.9444
13350,86266.6667
14600,84750
14600,84750
14450,83916.6667
13700,83516.6667
12083.3333,85900
14600,84433.3333
12400,83733.3333
12400,83733.3333
12266.6667,85383.3333
12333.3333,84233.3333
14900,83600
14883.3333,83700
13716.6667,86133.3333
12150,84216.6667
14983.3333,83166.6667
12730.5556,86125
13633.3333,86316.6667
11916.6667,86483.3333
12300,85916.6667
12933.3333,83533.3333
12933.3333,83533.3333
13233.3333,86866.6667
11916.6667,86250
13950,86116.6667
12750,87283.3333
11950,86366.6667
12616.6667,87150
12833.3333,85816.6667
11966.6667,84616.6667
12283.3333,86066.6667
12000,84733.3333
12566.6667,87033.3333
13116.6667,84133.3333
11800,85900
12133.3333,84100
12885.5556,86081.9444
12766.6667,86033.3333
12900,86650
12885.5556,86081.9444
12900,86650
12766.6667,86033.3333
11466.6667,85900
13166.6667,86816.6667
12466.6667,85700
11683.3333,84950
12583.3333,87233.3333
12300,86600
12400,86816.6667
12133.3333,84483.3333
12866.6667,85550
12866.6667,85550
11650,86033.3333
12866.6667,85550
12766.6667,87383.3333
12909.7222,86916.6667
12366.6667,85700
12183.3333,85800
11916.6667,86083.3333
13433.3333,85250
14116.6667,83950
11016.6667,84400
12350,86800
11016.6667,84400
12016.6667,86000
12600,86150
12533.3333,86400
12233.3333,86550
12183.3333,86516.6667
12533.6111,86227.7778
12550,86816.6667
12358.8889,86050.2778
12053.3333,86076.9444
12516.6667,87200
12550,87233.3333
12466.6667,86200
12583.3333,87283.3333
12661.6667,86437.2222
12633.3333,86883.3333
12650,86866.6667
12483.3333,86016.6667
12566.6667,86183.3333
12600,86233.3333
12628.8889,86135.5556
12446.1111,86040
12583.3333,86133.3333
12666.6667,86866.6667
12550,86816.6667
12033.3333,86016.6667
12596.9444,86352.7778
12050,86150
12433.3333,86850
12541.1111,86579.4444
12533.3333,86016.6667
12632.2222,86543.6111
12516.6667,86050
12583.3333,86100
12532.5,86019.7222
12650,86700
12031.9444,86020.8333
12500,86016.6667
12533.3333,86050
12566.6667,86316.6667
12633.3333,86250
12583.3333,86516.6667
12019.4444,86072.7778
12600,86550
12566.6667,86016.6667
12616.6667,86533.3333
12583.3333,86400
12566.6667,86416.6667
12616.6667,86700
12666.6667,86583.3333
12650,86283.3333
12733.3333,86216.6667
14366.6667,83650
12516.6667,86050
11650,86350
12566.6667,86416.6667
11916.6667,86416.6667
12950,84483.3333
11983.3333,86316.6667
11983.3333,86316.6667
11600,85933.3333
12716.6667,86300
14800,84783.3333
12900,86233.3333
12716.6667,86300
12666.6667,86583.3333
13166.6667,85716.6667
12633.3333,86066.6667
11983.3333,86516.6667
11200,85516.6667
13583.3333,86233.3333
13166.6667,85716.6667
12950,85200
13916.6667,83483.3333
13050,86250
13033.3333,86616.6667
12116.6667,84466.6667
12900,83583.3333
12983.3333,87483.3333
11966.6667,86016.6667
13400,86550
12783.3333,86000
12633.3333,85650
11600,85983.3333
12866.6667,87133.3333
12116.6667,83816.6667
12116.6667,83816.6667
12783.3333,85433.3333
12666.6667,85400
12794.7222,86079.1667
12783.3333,86916.6667
12433.3333,85866.6667
12316.6667,86900
11883.3333,85400
11300,85683.3333
11116.6667,85266.6667
12933.3333,86866.6667
12783.3333,85433.3333
12783.3333,85433.3333
12682.7778,86002.7778
12366.6667,85583.3333
11866.6667,86000
12750,85950
13033.3333,86233.3333
12783.3333,87066.6667
12050,86133.3333
12050,86133.3333
14566.6667,83616.6667
14566.6667,83616.6667
12250,83750
12983.3333,86483.3333
12983.3333,86483.3333
12383.3333,85516.6667
13100,85916.6667
12383.3333,85516.6667
12150,83966.6667
13400,86550
12783.3333,86000
12100,86583.3333
11916.6667,86516.6667
13083.3333,86633.3333
11850,85950
11733.3333,86100
12733.3333,86450
12669.1667,86091.1111
12633.3333,85933.3333
12633.3333,85933.3333
12500,85866.6667
13050,86250
12783.3333,86016.6667
12100,85600
14933.3333,83250
14933.3333,83250
14983.3333,83166.6667
12116.6667,84416.6667
14983.3333,83166.6667
12066.6667,84383.3333
14183.3333,83550
14183.3333,83550
14716.6667,84150
14150,83466.6667
14150,83466.6667
14916.6667,83600
12200,84900
14716.6667,84150
14716.6667,84083.3333
13033.3333,85633.3333
12700,86716.6667
12500,85533.3333
12383.3333,87000
12050,84266.6667
11466.6667,85816.6667
11800,86333.3333
11766.6667,86300
14650,83650
13533.3333,86066.6667
12900,85666.6667
12833.3333,87383.3333
12800,86433.3333
12050,85616.6667
11983.3333,86433.3333
11800,86333.3333
11683.3333,86183.3333
11066.6667,83816.6667
12450,83733.3333
12450,83733.3333
12483.3333,83750
12450,83733.3333
11350,85983.3333
12633.3333,86233.3333
12266.6667,85933.3333
11833.3333,86333.3333
11900,86300
12192.7778,86369.1667
12633.3333,86233.3333
12266.6667,85933.3333
14033.3333,83383.3333
12450,85750
12733.3333,86316.6667
11683.3333,86383.3333
12283.3333,86533.3333
14916.6667,83600
14916.6667,83600
14016.6667,84583.3333
14016.6667,84583.3333
14316.6667,85166.6667
14400,83883.3333
12083.3333,84000
12750,85433.3333
12800,85133.3333
12083.3333,84000
11050,84466.6667
14400,83883.3333
12450,85750
12450,85533.3333
12466.6667,85666.6667
12000,83750
12000,83750
14750,83416.6667
14750,83416.6667
14750,83883.3333
14750,83883.3333
12883.3333,85583.3333
14750,83883.3333
14750,83883.3333
14750,83883.3333
14750,83883.3333
12933.3333,85033.3333
13483.3333,85916.6667
12850,85966.6667
12850,85966.6667
12300,85183.3333
13433.3333,83933.3333
11583.3333,86050
12616.6667,86983.3333
11216.6667,85616.6667
12866.6667,84183.3333
12666.6667,86950
12650,85766.6667
12166.6667,86350
12566.6667,86916.6667
12166.6667,85683.3333
11500,85883.3333
14783.3333,83816.6667
13533.3333,85916.6667
12100,85216.6667
12100,85216.6667
12616.6667,85866.6667
12133.3333,86583.3333
12033.3333,86183.3333
12116.6667,86566.6667
11900,86116.6667
11800,86250
11950,86100
11916.6667,86100
12016.6667,86400
11950,86183.3333
12116.6667,86500
12566.6667,86600
12100,86600
11316.6667,85766.6667
12544.4444,86546.6667
12033.3333,86116.6667
12150,86566.6667
12633.3333,87200
12983.3333,84383.3333
12900,83533.3333
11516.6667,83783.3333
11666.6667,86300
11650,86316.6667
13883.3333,83466.6667
12900,83533.3333
11283.3333,83883.3333
12466.6667,87116.6667
11933.3333,86366.6667
12333.3333,85950
12583.3333,83750
12450,83733.3333
12116.6667,84116.6667
13566.6667,86166.6667
12666.6667,85650
12616.6667,87233.3333
12566.6667,85650
11483.3333,85516.6667
13700,84550
12566.6667,85850
12650,85483.3333
14783.3333,83816.6667
12850,85650
12033.3333,86516.6667
12333.3333,85833.3333
13783.3333,85400
14366.6667,83950
14300,83216.6667
13783.3333,85400
14200,85383.3333
14300,83650
14933.3333,83550
14300,83600
12000,85366.6667
12650,85650
14366.6667,83950
14300,83216.6667
14283.3333,85250
11583.3333,84016.6667
12150,85516.6667
13250,85900
11500,86166.6667
12433.3333,86666.6667
14400,83783.3333
14100,83550
14100,83550
14733.3333,84750
14733.3333,84750
12850,85650
14733.3333,84750
14200,85183.3333
13683.3333,86316.6667
12200,84283.3333
13400,83583.3333
12666.6667,86950
13783.3333,85400
12366.6667,86833.3333
14500,85000
13250,86766.6667
13250,86766.6667
13250,86833.3333
12633.3333,87366.6667
12800,86100
11783.3333,86283.3333
11516.6667,85850
11516.6667,85850
11783.3333,86283.3333
12783.3333,85950
12650,86983.3333
12833.3333,87350
11966.6667,86483.3333
11516.6667,85850
12916.6667,86066.6667
13000,85966.6667
13683.3333,86233.3333
13633.3333,86516.6667
13633.3333,86516.6667
14766.6667,84933.3333
14883.3333,83633.3333
13266.6667,86666.6667
14883.3333,83633.3333
13566.6667,86350
13650,84833.3333
11200,83850
11200,83850
11983.3333,86350
10933.3333,83716.6667
11783.3333,86283.3333
11316.6667,85700
11716.6667,86333.3333
11783.3333,86283.3333
12366.6667,86750
12383.3333,86750
12366.6667,86750
13633.3333,86633.3333
13633.3333,86633.3333
11716.6667,86050
14666.6667,84700
14250,85116.6667
12066.6667,86100
12116.6667,85766.6667
11566.6667,85583.3333
12750,86900
13650,84950
11683.3333,84700
13500,84216.6667
12633.3333,86900
13500,84216.6667
13500,84216.6667
12183.3333,85600
11616.6667,86316.6667
11616.6667,86316.6667
11616.6667,86200
12700,85150
12150,85383.3333
11616.6667,86200
11816.6667,86200
12766.6667,86283.3333
12350,86166.6667
13966.6667,84516.6667
11816.6667,86200
12700,86816.6667
12383.3333,85783.3333
13050,85700
13050,85700
11783.3333,85966.6667
14983.3333,83166.6667
12033.3333,86466.6667
11966.6667,85166.6667
13050,86583.3333
12666.6667,86283.3333
12075,86049.1667
12113.8889,86057.2222
12179.1667,86041.1111
12271.6667,86006.1111
12319.4444,86002.5
12538.0556,86048.8889
12554.7222,86010.5556
12575.5556,86011.9444
12612.5,86006.3889
12634.7222,86012.5
12682.7778,86028.8889
12722.2222,86047.5
12741.9444,86013.0556
12772.5,86009.1667
12775.8333,86030.5556
12801.1111,86008.3333
12823.0556,86020
12805.8333,86034.7222
12902.5,86059.1667
12825.5556,86053.0556
12942.5,86014.7222
12935.8333,86073.3333
12979.4444,86029.4444
12971.6667,86002.5
12993.0556,86001.9444
13000,86070.5556
12019.4444,86072.7778
12127.7778,86064.4444
12096.1111,86233.6111
12308.8889,86052.5
12669.1667,86091.1111
12727.2222,86380.8333
12158.8889,86344.1667
12070.8333,86481.9444
12411.1111,86618.3333
12627.7778,86702.5
12632.2222,86543.6111
12632.2222,86543.6111
12613.0556,86557.2222
12586.6667,86505.5556
12694.4444,86718.6111
12862.7778,86845.5556
12797.2222,86987.5
12553.0556,86978.3333
12610.8333,86899.1667
12275.2778,86842.5
12162.5,86755
